{
  "1": 18.708286933869708,
  "2": 35.501142557616376,
  "3": 48.93141462961499,
  "4": 69.38732080539711,
  "5": 82.6957985233611,
  "6": 129.37299385970496,
  "7": 187.92817718517355,
  "8": 283.10207203136054
}