{
  "1": 87.8877124517415,
  "2": 225.17937279569685
}