{
  "1": 18.708286933869708,
  "2": 35.501142557616376,
  "3": 49.36656718147842,
  "4": 75.34732929501158
}