{
  "1": 37.5,
  "2": 87.38486744494767,
  "3": 152.39427467623273,
  "4": 261.76545286414716
}