{
  "1": 74.25126261552728,
  "2": 109.23697398459908,
  "3": 178.28767999112733,
  "4": 273.89019041841686
}