{
  "1": 43.54595273960601,
  "2": 93.43082018455368,
  "3": 167.23998657062097,
  "4": 254.1911222733822
}