{
  "1": 35.06066171651642,
  "2": 70.04637308558821,
  "3": 160.07951055893835,
  "4": 244.72872709275117
}