{
  "1": 30.663496212923928,
  "2": 53.53815468031968,
  "3": 70.33101030406634,
  "4": 84.19643492792838,
  "5": 148.1163818148223,
  "6": 282.6615028603145
}