{
  "1": 18.973665961010276,
  "2": 50.70834730492801,
  "3": 91.85547952403194,
  "4": 139.0522399339405,
  "5": 193.24577725452193,
  "6": 259.59013113060246
}