{
  "1": 16.431676725154983,
  "2": 33.22453234890165,
  "3": 47.089956972763694,
  "4": 73.07071908629686
}