{
  "1": 34.058772731852805,
  "2": 85.28376663131559,
  "3": 117.01844797523331,
  "4": 158.16558019433722,
  "5": 194.05802668887924,
  "6": 273.1803454225116
}