{
  "1": 33.97057550292606,
  "2": 64.81291652950833,
  "3": 109.85795692364108,
  "4": 143.35898599238513,
  "5": 170.02148210578065,
  "6": 201.64425870746445,
  "7": 229.15789169185965,
  "8": 275.87610429887224,
  "9": 320.9292024724075,
  "10": 349.3721277790633,
  "11": 396.09034038607587,
  "12": 438.0367045401206,
  "13": 484.75491714713314,
  "14": 518.6595014050115,
  "15": 564.4636784009921,
  "16": 607.1166827313448,
  "17": 652.1247084398369,
  "18": 696.6549406038777,
  "19": 754.0134622026776
}