{
  "1": 20.59732992404598,
  "2": 89.64803593057425,
  "3": 169.65203583057925
}