{
  "1": 35.06066171651642,
  "2": 104.1113677230447,
  "3": 194.14450519639485
}