{
  "1": 96.54144187860466,
  "2": 233.83310222256
}