{
  "1": 39.61060464067672,
  "2": 84.86543863661576,
  "3": 136.09043253607854
}