{
  "1": 75.5926583736807,
  "2": 212.88431871763603
}