{
  "1": 89.15856661028148,
  "2": 158.20927261680976,
  "3": 243.29424113458924
}