{
  "1": 38.17066936798463,
  "2": 68.78112509801257,
  "3": 114.05805078869966,
  "4": 144.90039181528192,
  "5": 196.57243454633718,
  "6": 223.44646127815872,
  "7": 250.10895739155427,
  "8": 281.73173399323804,
  "9": 309.24536697763324,
  "10": 364.8234700684215,
  "11": 401.0166777581811,
  "12": 429.4596030648369,
  "13": 482.2413331208913,
  "14": 518.1241798258942,
  "15": 565.8065623587743,
  "16": 601.922439370497,
  "17": 644.5511536867657,
  "18": 692.6578060334007,
  "19": 741.0686477171804
}