{
  "1": 18.973665961010276,
  "2": 64.22849995694932,
  "3": 113.27127296903662,
  "4": 166.8288043979371
}