{
  "1": 16.431676725154983,
  "2": 33.22453234890165,
  "3": 46.65480442090027,
  "4": 67.11071059668238,
  "5": 80.41918831464639,
  "6": 127.09638365099022,
  "7": 193.87432611988453,
  "8": 280.82546182264576
}