{
  "1": 26.177280225416848,
  "2": 70.03297359368538,
  "3": 110.90433743047132,
  "4": 153.85681883854923,
  "5": 251.1590802891863
}