{
  "1": 28.235615806991,
  "2": 59.07795683357327,
  "3": 100.39802090065699,
  "4": 129.98622964049403,
  "5": 165.06695798494712,
  "6": 192.58059096934232,
  "7": 246.26568734542215,
  "8": 283.3379202154194,
  "9": 312.79482705654596,
  "10": 361.70811848455975,
  "11": 400.6029020951532,
  "12": 433.3733715001719,
  "13": 466.6979934806061,
  "14": 513.6922529695365,
  "15": 554.9717878506372,
  "16": 586.9122295678097,
  "17": 643.5313859690084,
  "18": 680.8157858784609,
  "19": 737.4349422796595
}