{
  "1": 34.058772731852805,
  "2": 77.13138584041636,
  "3": 130.53860062725462,
  "4": 184.60558981066484
}