{
  "1": 37.5,
  "2": 82.72167621838005,
  "3": 115.29467116818472,
  "4": 165.8927562217034,
  "5": 263.19501767234044
}