{
  "1": 18.973665961010276,
  "2": 64.22849995694932,
  "3": 123.75619128937355
}