{
  "1": 26.177280225416848,
  "2": 76.06214767036452,
  "3": 140.35833729307856,
  "4": 249.72951548099303
}