{
  "1": 43.54595273960601,
  "2": 88.76762895798606,
  "3": 121.34062390779073,
  "4": 180.92660425998284,
  "5": 255.62068708157554
}