{
  "1": 20.59732992404598,
  "2": 67.23758420775933,
  "3": 96.75522747131932,
  "4": 146.11776324409345,
  "5": 180.90412444420548,
  "6": 235.0976617647869
}