{
  "1": 34.058772731852805,
  "2": 85.28376663131559,
  "3": 130.53860062725462
}