{
  "1": 26.177280225416848,
  "2": 38.01196544127346,
  "3": 63.33279395803189,
  "4": 79.9665338755118,
  "5": 93.99107420564061,
  "6": 132.9397583939415,
  "7": 175.8922398020194,
  "8": 278.47326305675523
}