{
  "1": 20.59732992404598,
  "2": 89.64803593057425,
  "3": 124.63374729964605,
  "4": 227.35979073557326
}