{
  "1": 34.48492424234103,
  "2": 35.96140654836437,
  "3": 38.27008582448741,
  "4": 41.78291943853747,
  "5": 119.5141769799272,
  "6": 122.81405375583162,
  "7": 126.27331855472747
}