{
  "1": 33.656202994396146,
  "2": 63.22273813127006,
  "3": 103.85609880941234,
  "4": 175.94546707084552
}