{
  "1": 45.11075259846592,
  "2": 88.3320862701697,
  "3": 124.67978767284298,
  "4": 165.31314835098527
}