{
  "1": 22.597344976788754,
  "2": 74.02690845928392,
  "3": 123.15235400540702,
  "4": 167.16527648886208
}