{
  "1": 36.18894858931384,
  "2": 116.82175685022544,
  "3": 169.82874638993218
}