{
  "1": 22.597344976788754,
  "2": 74.02690845928392
}