{
  "1": 25.900579144104096,
  "2": 77.33014262659925,
  "3": 119.03894717368223,
  "4": 176.42134577177237
}