{
  "1": 25.900579144104096,
  "2": 77.33014262659925
}