{
  "1": 77.18218706411474,
  "2": 128.6117505466099
}