{
  "1": 28.69320477046787,
  "2": 31.948968889687805,
  "3": 33.74896888968781,
  "4": 81.37538715892686,
  "5": 113.5357677970417,
  "6": 118.11339923004027,
  "7": 121.62623284409034
}