{
  "1": 21.816049138191815,
  "2": 46.85441969220351,
  "3": 155.45584693881017
}