{
  "1": 11.970797801316335,
  "2": 15.226561920536273,
  "3": 17.026561920536277,
  "4": 80.31210342193594,
  "5": 96.81336082789016,
  "6": 102.03988588660692,
  "7": 105.55271950065699
}