{
  "1": 65.765416443599,
  "2": 117.19497992609416
}