{
  "1": 18.0911580613293,
  "2": 42.87018144805703,
  "3": 111.22952609090743,
  "4": 162.65908957340258
}