{
  "1": 61.05882409611243,
  "2": 93.6991321527441,
  "3": 134.3324928308864,
  "4": 181.26121984863175
}