{
  "1": 7.793587107359488,
  "2": 11.306420721409548,
  "3": 13.615099997532583,
  "4": 15.091582303555924,
  "5": 92.63615013393331,
  "6": 95.89191425315326,
  "7": 97.69191425315326
}