{
  "1": 32.79161478183104,
  "2": 57.57063816855877,
  "3": 125.92998281140918,
  "4": 177.35954629390434
}