{
  "1": 8.766983517721476,
  "2": 38.333518654595395,
  "3": 88.33601859209853,
  "4": 151.26660797672866
}