{
  "1": 6.191930232165088,
  "2": 31.23030078617678,
  "3": 150.4700173239143
}