{
  "1": 24.28250398949828,
  "2": 119.22218020301665,
  "3": 157.92230179011665
}