{
  "1": 52.31921253230021,
  "2": 71.84253192219904,
  "3": 101.69985933106135,
  "4": 133.75574802565222,
  "5": 181.0937876977806,
  "6": 240.5618575508875,
  "7": 260.27099248877863,
  "8": 302.6677514814187,
  "9": 364.60069869509783,
  "10": 426.9963303604844
}