{
  "1": 52.31921253230021,
  "2": 71.84253192219904,
  "3": 101.69985933106135,
  "4": 130.48740735366775,
  "5": 147.80530317875227,
  "6": 200.94455420847603,
  "7": 260.27099248877863,
  "8": 302.6677514814187,
  "9": 364.60069869509783,
  "10": 390.04606247373476,
  "11": 446.8470968711799
}