{
  "1": 52.31921253230021,
  "2": 65.77874623564584,
  "3": 78.81389784036904,
  "4": 92.37311235882815,
  "5": 127.74244936137882,
  "6": 145.7188227442389,
  "7": 182.9815386946363,
  "8": 209.08843433544354,
  "9": 237.66714969394408,
  "10": 249.72907325530028,
  "11": 262.7642248600235,
  "12": 276.32343937848265,
  "13": 318.72019837112265,
  "14": 359.4155788361589,
  "15": 394.13683974566317,
  "16": 450.4047861942284
}