{
  "1": 9.242294087508794,
  "2": 18.024974437601088,
  "3": 29.772874524137894,
  "4": 51.193917779834834,
  "5": 83.11858490954863,
  "6": 104.53962816524557,
  "7": 141.80234411564297,
  "8": 167.9092397564502,
  "9": 189.84011052740024,
  "10": 201.66127798243613,
  "11": 213.72320154379233,
  "12": 235.1442447994893,
  "13": 277.54100379212935,
  "14": 318.2363842571656,
  "15": 352.9576451666698,
  "16": 409.2255916152351
}