{
  "1": 11.780067911519014,
  "2": 37.88696355232625,
  "3": 55.13198193816601,
  "4": 66.95314939320191,
  "5": 79.01507295455811,
  "6": 112.3634673911394,
  "7": 149.02597032476348,
  "8": 168.54928971466234,
  "9": 200.61204068833894,
  "10": 230.73462357892123,
  "11": 262.78992274212857,
  "12": 282.73981378634,
  "13": 314.8025647600166,
  "14": 344.9251476505989,
  "15": 377.71310275609454,
  "16": 421.3642704420357
}