{
  "1": 59.978746235645836,
  "2": 65.77874623564584,
  "3": 118.62304583361573,
  "4": 196.16276518684452,
  "5": 225.90998178607538,
  "6": 303.4497011393041
}