{
  "1": 11.780067911519014,
  "2": 37.88696355232625,
  "3": 72.10360916047173,
  "4": 105.45200359705302,
  "5": 159.4083066190447,
  "6": 191.4710575927213,
  "7": 215.8477584856991,
  "8": 237.57650144041224,
  "9": 290.715752470136,
  "10": 351.0865328178337,
  "11": 404.22578384755747
}