{
  "1": 11.780067911519014,
  "2": 37.88696355232625,
  "3": 72.10360916047173,
  "4": 105.45200359705302,
  "5": 159.4083066190447,
  "6": 191.4710575927213,
  "7": 223.5269462873122,
  "8": 270.86498595944056,
  "9": 337.0369776647337,
  "10": 384.3750173368621
}