{
  "1": 75.95702732466563,
  "2": 168.3982716729656,
  "3": 216.44410969777806,
  "4": 375.27802973581703
}