{
  "1": 12.224974437601086,
  "2": 18.024974437601088,
  "3": 70.86927403557098,
  "4": 159.96472846507595,
  "5": 178.1562099880306,
  "6": 277.57518245263645
}