{
  "1": 15.933298465791696,
  "2": 119.64144665097528,
  "3": 156.42038083890412,
  "4": 366.29209493128576
}