{
  "1": 12.224974437601086,
  "2": 18.024974437601088,
  "3": 70.86927403557098,
  "4": 131.98712480149607,
  "5": 178.1562099880306,
  "6": 277.57518245263645,
  "7": 348.6356329537401
}