{
  "1": 59.978746235645836,
  "2": 65.77874623564584,
  "3": 118.62304583361573,
  "4": 175.62600196376266,
  "5": 225.90998178607538,
  "6": 303.4497011393041,
  "7": 374.51015164040774
}