{
  "1": 37.7455957695729,
  "2": 55.937077292527555,
  "3": 110.1904924738749,
  "4": 171.9917869586994,
  "5": 218.42518011491833,
  "6": 282.61529348359903,
  "7": 329.04868663981796
}