{
  "1": 13.793476719087176,
  "2": 50.572410907016,
  "3": 154.28055909219958,
  "4": 268.81985365961
}