{
  "1": 9.242294087508794,
  "2": 28.765613477407634,
  "3": 60.520664752068036,
  "4": 85.20506534406202,
  "5": 106.62610859975896,
  "6": 159.76535962948276,
  "7": 219.0917979097853,
  "8": 261.4885569024254,
  "9": 323.42150411610453,
  "10": 348.86686789474146,
  "11": 412.82351620074104
}