{
  "1": 9.242294087508794,
  "2": 28.765613477407634,
  "3": 60.520664752068036,
  "4": 92.57655344665892,
  "5": 139.9145931187873,
  "6": 197.67075465408837,
  "7": 219.0917979097853,
  "8": 261.4885569024254,
  "9": 323.42150411610453,
  "10": 392.9727496900456
}