{
  "1": 44.962873573649624,
  "2": 155.67213244570604
}