{
  "1": 84.12882977909534,
  "2": 185.82155321592734
}