{
  "1": 65.00899937700933,
  "2": 76.2312986066681,
  "3": 83.70458436328146,
  "4": 111.64469889418486,
  "5": 118.28370460585593,
  "6": 131.87212673015298,
  "7": 139.84650546838654,
  "8": 192.30782455206952,
  "9": 212.19400065508137
}