{
  "1": 32.44472222103311,
  "2": 143.15398109308953
}