{
  "1": 30.124076749337895,
  "2": 131.8168001861699
}