{
  "1": 35.38036178447021,
  "2": 44.79097593164964,
  "3": 54.07594677074234,
  "4": 79.37009617422412,
  "5": 88.65506701331681,
  "6": 100.93289703675474,
  "7": 110.21786787584743,
  "8": 162.6791869595304,
  "9": 182.56536306254225,
  "10": 232.0385636474071
}