{
  "1": 42.900582746624785,
  "2": 144.59330618345678
}