{
  "1": 86.38784636741444,
  "2": 197.09710523947086
}