{
  "1": 22.198423367437606,
  "2": 29.869937292054985,
  "3": 40.89400835370974,
  "4": 64.44905753462945,
  "5": 75.47312859628421,
  "6": 86.01185839716008,
  "7": 97.03592945881483,
  "8": 149.4972485424978,
  "9": 169.38342464550965,
  "10": 218.8566252303745
}