{
  "1": 101.56401921940663,
  "2": 284.45196305387594,
  "3": 403.70799015523465,
  "4": 493.15976487211765
}