{
  "1": 57.28603669307208,
  "2": 111.39001066911194,
  "3": 288.490912269998,
  "4": 357.86503340444153,
  "5": 454.8284049362249,
  "6": 532.8405030891342
}