{
  "1": 47.23610906922796,
  "2": 161.9862492789835,
  "3": 255.94391088746968,
  "4": 488.53149365888277
}