{
  "1": 109.07744954847448,
  "2": 173.27098504855414,
  "3": 290.22353953113065,
  "4": 532.137263821424
}