{
  "1": 136.08798624419433,
  "2": 378.00171053448764
}