{
  "1": 72.53447456210047,
  "2": 374.61724467651794
}