{
  "1": 57.28603669307208,
  "2": 219.90930220339072,
  "3": 311.90071072561614,
  "4": 432.3704158297785
}