{
  "1": 80.09525578959094,
  "2": 245.57011974347049,
  "3": 335.0218944603535,
  "4": 471.69100144230197
}