{
  "1": 182.19289228726788,
  "2": 205.9626209352773,
  "3": 250.24580058624636,
  "4": 301.3535299429689
}