{
  "1": 40.078048854703496,
  "2": 63.84777750271292,
  "3": 108.13095715368198,
  "4": 159.23868651040453
}