{
  "1": 101.56401921940663,
  "2": 403.64678933382413
}