{
  "1": 57.28603669307208,
  "2": 299.19976098336537
}