{
  "1": 36.08670115153226,
  "2": 81.26412914383833,
  "3": 105.03385779184777,
  "4": 155.2473388072333
}