{
  "1": 53.905101799365895,
  "2": 83.918598763232,
  "3": 112.72831934500786,
  "4": 218.19343206006644,
  "5": 436.19903217349037,
  "6": 514.2111303263996
}