{
  "1": 24.186773244895654,
  "2": 88.38030874497531,
  "3": 228.62124137788595,
  "4": 470.5349656681792
}