{
  "1": 80.09525578959094,
  "2": 108.9049763713668,
  "3": 138.9184733352329,
  "4": 246.78536051027984,
  "5": 464.7909606237037,
  "6": 542.803058776613
}