{
  "1": 203.7251579947848,
  "2": 445.6388822850781
}