{
  "1": 80.09525578959094,
  "2": 382.17802590400845
}