{
  "1": 32.16846281686459,
  "2": 52.838489425458974,
  "3": 118.03930374240508,
  "4": 183.13722997665622
}