{
  "1": 53.17414785400891,
  "2": 92.8667164279876
}