{
  "1": 43.04056226398535,
  "2": 82.73313083796404
}