{
  "1": 32.16846281686459,
  "2": 52.838489425458974,
  "3": 118.03930374240508
}