{
  "1": 74.83020780406801,
  "2": 95.5002344126624,
  "3": 151.40193385015715
}