{
  "1": 93.51438392033602,
  "2": 105.51438392033602
}