{
  "1": 35.06123215176557,
  "2": 95.5002344126624,
  "3": 117.07243579504033,
  "4": 176.7308844321058
}