{
  "1": 35.06123215176557,
  "2": 74.75380072574426
}