{
  "1": 27.801798502974588,
  "2": 39.80179850297459
}