{
  "1": 10.526632889960588,
  "2": 66.34069553297078,
  "3": 87.09835893604972
}