{
  "1": 56.81100245551032,
  "2": 95.70508940969913,
  "3": 107.70508940969913
}