{
  "1": 14.76279106402309,
  "2": 26.76279106402309,
  "3": 65.6568780182119
}