{
  "1": 14.76279106402309,
  "2": 26.76279106402309
}