{
  "1": 53.93264317646595,
  "2": 80.36482053664572,
  "3": 215.94054019723274
}