{
  "1": 18.708554193202637,
  "2": 43.194060109969,
  "3": 72.41408748846405,
  "4": 110.36524030362895,
  "5": 143.30609639450796,
  "6": 174.8592261917246,
  "7": 205.81177051363778,
  "8": 247.51688527552238,
  "9": 281.97680023396913,
  "10": 310.56228606157055,
  "11": 346.03593825584005,
  "12": 395.1455256124581,
  "13": 444.8075001913352,
  "14": 491.19837483369776,
  "15": 527.8477273362361,
  "16": 576.9573146928541,
  "17": 630.3590503882518,
  "18": 679.4686377448699
}