{
  "1": 154.1785328766622,
  "2": 172.0885859195764
}