{
  "1": 14.903355326905416,
  "2": 32.81340836981961,
  "3": 64.51190931475423,
  "4": 90.944086674934,
  "5": 211.12964875308757
}