{
  "1": 20.513653989477348,
  "2": 21.934921029832537,
  "3": 49.433466445908635,
  "4": 82.66853828274992,
  "5": 144.0177978952415,
  "6": 176.39616872002853
}