{
  "1": 28.648385643871805,
  "2": 55.08056300405158,
  "3": 179.8147221080224
}