{
  "1": 15.52739514535519,
  "2": 16.91663954430016,
  "3": 99.7798761089652,
  "4": 101.33216831360005,
  "5": 128.83071372967615,
  "6": 162.06578556651743
}