{
  "1": 14.903355326905416,
  "2": 32.81340836981961,
  "3": 124.2889242196906,
  "4": 266.35454286121836
}