{
  "1": 34.041885964205925,
  "2": 60.19368154924158,
  "3": 94.37056003747665,
  "4": 121.16356935208707,
  "5": 169.80580464243698,
  "6": 200.75834896435015,
  "7": 238.3647111297593,
  "8": 262.8502170465257,
  "9": 305.541082580033,
  "10": 347.8850342018105,
  "11": 378.8375785237237,
  "12": 417.1344678714284,
  "13": 466.10078479887153,
  "14": 505.9231165557382,
  "15": 535.3331993566798,
  "16": 573.6300887043844,
  "17": 621.6490563220032,
  "18": 675.7560798956576
}