{
  "1": 39.58017180356852,
  "2": 109.96498229713717,
  "3": 188.1816170649452,
  "4": 279.6571329148162
}