{
  "1": 42.964752995915156,
  "2": 64.46870612086407,
  "3": 103.93464079876065,
  "4": 127.75333093906855,
  "5": 175.77229855668728,
  "6": 229.23452890683993,
  "7": 253.91661318064573,
  "8": 293.29366692871076,
  "9": 333.2552593394017,
  "10": 364.20780366131487,
  "11": 396.7247950726821,
  "12": 426.29967174349036,
  "13": 468.99053727699766,
  "14": 511.3344888987752,
  "15": 542.2870332206884,
  "16": 580.5839225683931,
  "17": 643.2321727249441,
  "18": 683.0952456204091
}