{
  "1": 47.771958301915994,
  "2": 154.7305484197742,
  "3": 172.6406014626884,
  "4": 203.82104405095197,
  "5": 230.25322141113173
}