{
  "1": 53.93264317646595,
  "2": 80.36482053664572,
  "3": 111.47677246697296,
  "4": 129.45531616782347,
  "5": 236.41390628568172
}