{
  "1": 168.29215667998315,
  "2": 179.37629448967488,
  "3": 198.06867014846873,
  "4": 225.9097042386834,
  "5": 282.2891284706685,
  "6": 314.66749929545546
}