{
  "1": 92.05492925422297,
  "2": 109.96498229713717
}