{
  "1": 47.771958301915994,
  "2": 170.4434301280908,
  "3": 196.87560748827056
}