{
  "1": 70.2904687706662,
  "2": 161.76598462053718,
  "3": 179.67603766345138,
  "4": 310.3674298819139
}