{
  "1": 14.903355326905416,
  "2": 32.81340836981961
}