{
  "1": 98.27639594531334,
  "2": 155.45156538100457,
  "3": 314.45156538100457
}