{
  "1": 123.62948677398931,
  "2": 156.72793932951353,
  "3": 235.00077830074605
}