{
  "1": 37.030392922571046,
  "2": 59.323889732179,
  "3": 78.35018732261945,
  "4": 112.08444290948545,
  "5": 148.3069595546837,
  "6": 205.14713018113574,
  "7": 230.14713018113574,
  "8": 254.84530825159268,
  "9": 283.61753790925036,
  "10": 409.9581066150649
}