{
  "1": 62.195257053894395,
  "2": 119.37042648958561,
  "3": 280.85321826216716
}