{
  "1": 97.84298646300613,
  "2": 155.01815589869736,
  "3": 347.9258810087222
}