{
  "1": 61.37792762874941,
  "2": 100.94077358986266,
  "3": 118.0872017893449,
  "4": 149.40812131607655,
  "5": 200.26538470516377,
  "6": 227.3261359398328,
  "7": 265.1102651894196,
  "8": 327.9115390618499,
  "9": 411.8395829688212,
  "10": 503.67095015890504
}