{
  "1": 53.83539727725616,
  "2": 109.99588160565204,
  "3": 136.99588160565204,
  "4": 161.99588160565204,
  "5": 306.2525972205585,
  "6": 363.42776665624973,
  "7": 522.4277666562498
}