{
  "1": 44.8246583924518,
  "2": 77.17518567288477,
  "3": 156.19594991920854
}