{
  "1": 61.37792762874941,
  "2": 114.42657244541208,
  "3": 133.45287003585253,
  "4": 155.74636684546047,
  "5": 207.31531555970284,
  "6": 252.225411858311,
  "7": 282.2390646574757,
  "8": 306.93724272793264,
  "9": 333.7120873273954,
  "10": 417.64013123436666
}