{
  "1": 53.83539727725616,
  "2": 109.99588160565204,
  "3": 136.99588160565204,
  "4": 161.99588160565204
}