{
  "1": 43.7978309965231,
  "2": 73.81078935459217,
  "3": 98.81078935459217,
  "4": 151.958315324919,
  "5": 296.2150309398255,
  "6": 353.3902003755167,
  "7": 512.3902003755168
}