{
  "1": 99.1072651221897,
  "2": 121.1072651221897,
  "3": 184.25787873757747,
  "4": 231.76355916358446,
  "5": 263.08447869031613,
  "6": 335.6611864308667,
  "7": 438.9036195676346
}