{
  "1": 37.030392922571046,
  "2": 68.3513124493027,
  "3": 85.49774064878494,
  "4": 105.74619738010153,
  "5": 162.82235176408605,
  "6": 184.82235176408605,
  "7": 207.5194598027668,
  "8": 270.3207336751971,
  "9": 362.1521008652809,
  "10": 551.3866464531326
}