{
  "1": 61.37792762874941,
  "2": 114.42657244541208,
  "3": 145.74749197214373,
  "4": 218.31063682914916,
  "5": 251.10215590884258,
  "6": 313.9034297812729,
  "7": 397.83147368824416
}