{
  "1": 114.07124966440931,
  "2": 139.07124966440932,
  "3": 226.73538144018178
}