{
  "1": 37.030392922571046,
  "2": 68.3513124493027,
  "3": 102.0855680361687,
  "4": 172.23537683303977,
  "5": 201.00760649069744,
  "6": 263.80888036312774,
  "7": 390.14944906894226
}