{
  "1": 99.1072651221897,
  "2": 121.1072651221897,
  "3": 144.96098600594283,
  "4": 169.96098600594283,
  "5": 194.65916407639978,
  "6": 269.07772326450754,
  "7": 296.28666255540486,
  "8": 322.3270910561398,
  "9": 356.0613466430058,
  "10": 459.3037797797737
}