{
  "1": 97.84298646300613,
  "2": 117.992428142616,
  "3": 139.992428142616,
  "4": 187.92675194139204,
  "5": 215.57830443697307,
  "6": 238.2754124756538,
  "7": 269.59633200238545,
  "8": 355.94446458207705,
  "9": 447.7758317721608,
  "10": 570.2275761112738
}