{
  "1": 62.195257053894395,
  "2": 119.37042648958561,
  "3": 223.10863887308568,
  "4": 248.10863887308568,
  "5": 294.82662151093723,
  "6": 354.48458271921,
  "7": 600.5661288984253
}