{
  "1": 182.76556021307735,
  "2": 217.41074024329615,
  "3": 242.41074024329615,
  "4": 290.92604454147323
}