{
  "1": 15.074813431681335,
  "2": 58.20774748444431
}