{
  "1": 36.27257917490842,
  "2": 70.40145258145378,
  "3": 90.72237775724241,
  "4": 119.61164912223187,
  "5": 173.00510474544677,
  "6": 237.70410377100066
}