{
  "1": 130.69579182207818,
  "2": 139.73183077728416
}