{
  "1": 114.02363790021786,
  "2": 123.05967685542385,
  "3": 157.60478271756867
}