{
  "1": 108.816359064251,
  "2": 151.94929311701398
}