{
  "1": 17.127171395183733,
  "2": 26.163210350389715
}