{
  "1": 48.949974463731834,
  "2": 85.5736007178318,
  "3": 128.72239247191283,
  "4": 154.79179577333355,
  "5": 183.68106713832302,
  "6": 235.4774917944991
}