{
  "1": 17.127171395183733,
  "2": 26.163210350389715,
  "3": 66.25531661394814
}