{
  "1": 123.47003685105143,
  "2": 139.73183077728416,
  "3": 166.02830723556414
}