{
  "1": 89.44830909525345,
  "2": 132.58124314801643
}