{
  "1": 33.20933603672317,
  "2": 62.098607401712634,
  "3": 82.41953257750126,
  "4": 116.54840598404662,
  "5": 167.94042871131433,
  "6": 213.3987612808224
}