{
  "1": 48.949974463731834,
  "2": 94.40830703323992,
  "3": 128.72239247191283,
  "4": 154.79179577333355,
  "5": 183.68106713832302,
  "6": 251.8788143064375
}